--
-- PostgreSQL database dump
--

-- Dumped from database version 14.4
-- Dumped by pg_dump version 14.4

SET statement_timeout = 0;
SET lock_timeout = 0;
SET idle_in_transaction_session_timeout = 0;
SET client_encoding = 'UTF8';
SET standard_conforming_strings = on;
SELECT pg_catalog.set_config('search_path', '', false);
SET check_function_bodies = false;
SET xmloption = content;
SET client_min_messages = warning;
SET row_security = off;

DROP DATABASE IF EXISTS qltv_vnpttech;
--
-- Name: qltv_vnpttech; Type: DATABASE; Schema: -; Owner: postgres
--

CREATE DATABASE qltv_vnpttech WITH TEMPLATE = template0 ENCODING = 'UTF8' LOCALE = 'English_United States.1252';


ALTER DATABASE qltv_vnpttech OWNER TO postgres;

\connect qltv_vnpttech

SET statement_timeout = 0;
SET lock_timeout = 0;
SET idle_in_transaction_session_timeout = 0;
SET client_encoding = 'UTF8';
SET standard_conforming_strings = on;
SELECT pg_catalog.set_config('search_path', '', false);
SET check_function_bodies = false;
SET xmloption = content;
SET client_min_messages = warning;
SET row_security = off;

--
-- Name: qltv_vnpttech_db; Type: SCHEMA; Schema: -; Owner: postgres
--

CREATE SCHEMA qltv_vnpttech_db;


ALTER SCHEMA qltv_vnpttech_db OWNER TO postgres;

SET default_tablespace = '';

SET default_table_access_method = heap;

--
-- Name: book; Type: TABLE; Schema: qltv_vnpttech_db; Owner: postgres
--

CREATE TABLE qltv_vnpttech_db.book (
    book_id bigint NOT NULL,
    book_code character varying(20) NOT NULL,
    book_name character varying(256) NOT NULL,
    book_author character varying(256) NOT NULL,
    book_publish_year integer,
    available boolean,
    deleted boolean,
    added_at timestamp(0) without time zone,
    book_state character varying(100) DEFAULT 'Good'::character varying NOT NULL,
    book_image character varying(256),
    book_type character varying(45),
    publisher_id bigint
);


ALTER TABLE qltv_vnpttech_db.book OWNER TO postgres;

--
-- Name: book_book_id_seq; Type: SEQUENCE; Schema: qltv_vnpttech_db; Owner: postgres
--

CREATE SEQUENCE qltv_vnpttech_db.book_book_id_seq
    START WITH 1
    INCREMENT BY 1
    NO MINVALUE
    NO MAXVALUE
    CACHE 1;


ALTER TABLE qltv_vnpttech_db.book_book_id_seq OWNER TO postgres;

--
-- Name: book_book_id_seq; Type: SEQUENCE OWNED BY; Schema: qltv_vnpttech_db; Owner: postgres
--

ALTER SEQUENCE qltv_vnpttech_db.book_book_id_seq OWNED BY qltv_vnpttech_db.book.book_id;


--
-- Name: borrow_form; Type: TABLE; Schema: qltv_vnpttech_db; Owner: postgres
--

CREATE TABLE qltv_vnpttech_db.borrow_form (
    borrow_form_id bigint NOT NULL,
    reader_id bigint NOT NULL,
    borrowed_at timestamp(0) without time zone NOT NULL,
    deleted boolean,
    staff_id integer NOT NULL
);


ALTER TABLE qltv_vnpttech_db.borrow_form OWNER TO postgres;

--
-- Name: borrow_form_borrow_form_id_seq; Type: SEQUENCE; Schema: qltv_vnpttech_db; Owner: postgres
--

CREATE SEQUENCE qltv_vnpttech_db.borrow_form_borrow_form_id_seq
    START WITH 1
    INCREMENT BY 1
    NO MINVALUE
    NO MAXVALUE
    CACHE 1;


ALTER TABLE qltv_vnpttech_db.borrow_form_borrow_form_id_seq OWNER TO postgres;

--
-- Name: borrow_form_borrow_form_id_seq; Type: SEQUENCE OWNED BY; Schema: qltv_vnpttech_db; Owner: postgres
--

ALTER SEQUENCE qltv_vnpttech_db.borrow_form_borrow_form_id_seq OWNED BY qltv_vnpttech_db.borrow_form.borrow_form_id;


--
-- Name: borrow_form_detail; Type: TABLE; Schema: qltv_vnpttech_db; Owner: postgres
--

CREATE TABLE qltv_vnpttech_db.borrow_form_detail (
    id bigint NOT NULL,
    borrow_form_id bigint NOT NULL,
    book_id bigint NOT NULL,
    borrowed_book_state character varying(100) NOT NULL,
    deleted boolean,
    borrowed_at timestamp(0) without time zone,
    return_deadline timestamp(0) without time zone NOT NULL
);


ALTER TABLE qltv_vnpttech_db.borrow_form_detail OWNER TO postgres;

--
-- Name: borrow_form_detail_id_seq; Type: SEQUENCE; Schema: qltv_vnpttech_db; Owner: postgres
--

CREATE SEQUENCE qltv_vnpttech_db.borrow_form_detail_id_seq
    START WITH 1
    INCREMENT BY 1
    NO MINVALUE
    NO MAXVALUE
    CACHE 1;


ALTER TABLE qltv_vnpttech_db.borrow_form_detail_id_seq OWNER TO postgres;

--
-- Name: borrow_form_detail_id_seq; Type: SEQUENCE OWNED BY; Schema: qltv_vnpttech_db; Owner: postgres
--

ALTER SEQUENCE qltv_vnpttech_db.borrow_form_detail_id_seq OWNED BY qltv_vnpttech_db.borrow_form_detail.id;


--
-- Name: lib_staff; Type: TABLE; Schema: qltv_vnpttech_db; Owner: postgres
--

CREATE TABLE qltv_vnpttech_db.lib_staff (
    staff_id bigint NOT NULL,
    staff_username character varying(100) NOT NULL,
    staff_password character varying(100) NOT NULL,
    staff_name character varying(100) NOT NULL,
    staff_phone character varying(10) NOT NULL,
    staff_email character varying(100) NOT NULL,
    staff_address character varying(256),
    deleted boolean,
    staff_role character varying(15) NOT NULL
);


ALTER TABLE qltv_vnpttech_db.lib_staff OWNER TO postgres;

--
-- Name: lib_staff_staff_id_seq; Type: SEQUENCE; Schema: qltv_vnpttech_db; Owner: postgres
--

CREATE SEQUENCE qltv_vnpttech_db.lib_staff_staff_id_seq
    START WITH 1
    INCREMENT BY 1
    NO MINVALUE
    NO MAXVALUE
    CACHE 1;


ALTER TABLE qltv_vnpttech_db.lib_staff_staff_id_seq OWNER TO postgres;

--
-- Name: lib_staff_staff_id_seq; Type: SEQUENCE OWNED BY; Schema: qltv_vnpttech_db; Owner: postgres
--

ALTER SEQUENCE qltv_vnpttech_db.lib_staff_staff_id_seq OWNED BY qltv_vnpttech_db.lib_staff.staff_id;


--
-- Name: publisher; Type: TABLE; Schema: qltv_vnpttech_db; Owner: postgres
--

CREATE TABLE qltv_vnpttech_db.publisher (
    publisher_id bigint NOT NULL,
    publisher_name bigint NOT NULL,
    publisher_address character varying(256) NOT NULL,
    deleted boolean,
    publisher_phone character varying(10) NOT NULL,
    publisher_email character varying(100),
    publisher_fax character varying(15)
);


ALTER TABLE qltv_vnpttech_db.publisher OWNER TO postgres;

--
-- Name: publisher_publisher_id_seq; Type: SEQUENCE; Schema: qltv_vnpttech_db; Owner: postgres
--

CREATE SEQUENCE qltv_vnpttech_db.publisher_publisher_id_seq
    START WITH 1
    INCREMENT BY 1
    NO MINVALUE
    NO MAXVALUE
    CACHE 1;


ALTER TABLE qltv_vnpttech_db.publisher_publisher_id_seq OWNER TO postgres;

--
-- Name: publisher_publisher_id_seq; Type: SEQUENCE OWNED BY; Schema: qltv_vnpttech_db; Owner: postgres
--

ALTER SEQUENCE qltv_vnpttech_db.publisher_publisher_id_seq OWNED BY qltv_vnpttech_db.publisher.publisher_id;


--
-- Name: reader; Type: TABLE; Schema: qltv_vnpttech_db; Owner: postgres
--

CREATE TABLE qltv_vnpttech_db.reader (
    reader_id bigint NOT NULL,
    reader_name character varying(50) NOT NULL,
    reader_phone character varying(10) NOT NULL,
    reader_email character varying(50) NOT NULL,
    reader_address character varying(256),
    registered_at timestamp(0) without time zone,
    deleted boolean
);


ALTER TABLE qltv_vnpttech_db.reader OWNER TO postgres;

--
-- Name: reader_book; Type: TABLE; Schema: qltv_vnpttech_db; Owner: postgres
--

CREATE TABLE qltv_vnpttech_db.reader_book (
    id bigint NOT NULL,
    reader_id bigint NOT NULL,
    book_id bigint NOT NULL,
    borrowed_at timestamp(0) without time zone NOT NULL,
    returned_at timestamp(0) without time zone,
    deleted boolean,
    return_deadline timestamp(0) without time zone
);


ALTER TABLE qltv_vnpttech_db.reader_book OWNER TO postgres;

--
-- Name: reader_book_id_seq; Type: SEQUENCE; Schema: qltv_vnpttech_db; Owner: postgres
--

CREATE SEQUENCE qltv_vnpttech_db.reader_book_id_seq
    START WITH 1
    INCREMENT BY 1
    NO MINVALUE
    NO MAXVALUE
    CACHE 1;


ALTER TABLE qltv_vnpttech_db.reader_book_id_seq OWNER TO postgres;

--
-- Name: reader_book_id_seq; Type: SEQUENCE OWNED BY; Schema: qltv_vnpttech_db; Owner: postgres
--

ALTER SEQUENCE qltv_vnpttech_db.reader_book_id_seq OWNED BY qltv_vnpttech_db.reader_book.id;


--
-- Name: reader_card; Type: TABLE; Schema: qltv_vnpttech_db; Owner: postgres
--

CREATE TABLE qltv_vnpttech_db.reader_card (
    card_id bigint NOT NULL,
    reader_id integer NOT NULL,
    published_at timestamp(0) without time zone NOT NULL,
    expired_at timestamp(0) without time zone NOT NULL,
    deleted boolean,
    is_expired boolean,
    card_type_id bigint,
    card_balance double precision
);


ALTER TABLE qltv_vnpttech_db.reader_card OWNER TO postgres;

--
-- Name: reader_card_card_id_seq; Type: SEQUENCE; Schema: qltv_vnpttech_db; Owner: postgres
--

CREATE SEQUENCE qltv_vnpttech_db.reader_card_card_id_seq
    START WITH 1
    INCREMENT BY 1
    NO MINVALUE
    NO MAXVALUE
    CACHE 1;


ALTER TABLE qltv_vnpttech_db.reader_card_card_id_seq OWNER TO postgres;

--
-- Name: reader_card_card_id_seq; Type: SEQUENCE OWNED BY; Schema: qltv_vnpttech_db; Owner: postgres
--

ALTER SEQUENCE qltv_vnpttech_db.reader_card_card_id_seq OWNED BY qltv_vnpttech_db.reader_card.card_id;


--
-- Name: reader_card_type; Type: TABLE; Schema: qltv_vnpttech_db; Owner: postgres
--

CREATE TABLE qltv_vnpttech_db.reader_card_type (
    card_type_id bigint NOT NULL,
    card_type_name character varying(20) NOT NULL,
    borrow_limit integer NOT NULL,
    deleted boolean,
    register_fee double precision
);


ALTER TABLE qltv_vnpttech_db.reader_card_type OWNER TO postgres;

--
-- Name: reader_card_type_card_type_id_seq; Type: SEQUENCE; Schema: qltv_vnpttech_db; Owner: postgres
--

CREATE SEQUENCE qltv_vnpttech_db.reader_card_type_card_type_id_seq
    START WITH 1
    INCREMENT BY 1
    NO MINVALUE
    NO MAXVALUE
    CACHE 1;


ALTER TABLE qltv_vnpttech_db.reader_card_type_card_type_id_seq OWNER TO postgres;

--
-- Name: reader_card_type_card_type_id_seq; Type: SEQUENCE OWNED BY; Schema: qltv_vnpttech_db; Owner: postgres
--

ALTER SEQUENCE qltv_vnpttech_db.reader_card_type_card_type_id_seq OWNED BY qltv_vnpttech_db.reader_card_type.card_type_id;


--
-- Name: reader_reader_id_seq; Type: SEQUENCE; Schema: qltv_vnpttech_db; Owner: postgres
--

CREATE SEQUENCE qltv_vnpttech_db.reader_reader_id_seq
    START WITH 1
    INCREMENT BY 1
    NO MINVALUE
    NO MAXVALUE
    CACHE 1;


ALTER TABLE qltv_vnpttech_db.reader_reader_id_seq OWNER TO postgres;

--
-- Name: reader_reader_id_seq; Type: SEQUENCE OWNED BY; Schema: qltv_vnpttech_db; Owner: postgres
--

ALTER SEQUENCE qltv_vnpttech_db.reader_reader_id_seq OWNED BY qltv_vnpttech_db.reader.reader_id;


--
-- Name: return_form; Type: TABLE; Schema: qltv_vnpttech_db; Owner: postgres
--

CREATE TABLE qltv_vnpttech_db.return_form (
    return_form_id bigint NOT NULL,
    reader_id bigint NOT NULL,
    returned_at timestamp(0) without time zone,
    deleted boolean NOT NULL,
    staff_id bigint NOT NULL,
    total_paid_amount double precision
);


ALTER TABLE qltv_vnpttech_db.return_form OWNER TO postgres;

--
-- Name: return_form_detail; Type: TABLE; Schema: qltv_vnpttech_db; Owner: postgres
--

CREATE TABLE qltv_vnpttech_db.return_form_detail (
    id bigint NOT NULL,
    return_form_id bigint NOT NULL,
    book_id bigint NOT NULL,
    returned_book_state character varying(100) NOT NULL,
    returned_at timestamp(0) without time zone,
    deleted boolean,
    is_due boolean,
    paid_amount double precision
);


ALTER TABLE qltv_vnpttech_db.return_form_detail OWNER TO postgres;

--
-- Name: return_form_detail_id_seq; Type: SEQUENCE; Schema: qltv_vnpttech_db; Owner: postgres
--

CREATE SEQUENCE qltv_vnpttech_db.return_form_detail_id_seq
    START WITH 1
    INCREMENT BY 1
    NO MINVALUE
    NO MAXVALUE
    CACHE 1;


ALTER TABLE qltv_vnpttech_db.return_form_detail_id_seq OWNER TO postgres;

--
-- Name: return_form_detail_id_seq; Type: SEQUENCE OWNED BY; Schema: qltv_vnpttech_db; Owner: postgres
--

ALTER SEQUENCE qltv_vnpttech_db.return_form_detail_id_seq OWNED BY qltv_vnpttech_db.return_form_detail.id;


--
-- Name: return_form_return_form_id_seq; Type: SEQUENCE; Schema: qltv_vnpttech_db; Owner: postgres
--

CREATE SEQUENCE qltv_vnpttech_db.return_form_return_form_id_seq
    START WITH 1
    INCREMENT BY 1
    NO MINVALUE
    NO MAXVALUE
    CACHE 1;


ALTER TABLE qltv_vnpttech_db.return_form_return_form_id_seq OWNER TO postgres;

--
-- Name: return_form_return_form_id_seq; Type: SEQUENCE OWNED BY; Schema: qltv_vnpttech_db; Owner: postgres
--

ALTER SEQUENCE qltv_vnpttech_db.return_form_return_form_id_seq OWNED BY qltv_vnpttech_db.return_form.return_form_id;


--
-- Name: book book_id; Type: DEFAULT; Schema: qltv_vnpttech_db; Owner: postgres
--

ALTER TABLE ONLY qltv_vnpttech_db.book ALTER COLUMN book_id SET DEFAULT nextval('qltv_vnpttech_db.book_book_id_seq'::regclass);


--
-- Name: borrow_form borrow_form_id; Type: DEFAULT; Schema: qltv_vnpttech_db; Owner: postgres
--

ALTER TABLE ONLY qltv_vnpttech_db.borrow_form ALTER COLUMN borrow_form_id SET DEFAULT nextval('qltv_vnpttech_db.borrow_form_borrow_form_id_seq'::regclass);


--
-- Name: borrow_form_detail id; Type: DEFAULT; Schema: qltv_vnpttech_db; Owner: postgres
--

ALTER TABLE ONLY qltv_vnpttech_db.borrow_form_detail ALTER COLUMN id SET DEFAULT nextval('qltv_vnpttech_db.borrow_form_detail_id_seq'::regclass);


--
-- Name: lib_staff staff_id; Type: DEFAULT; Schema: qltv_vnpttech_db; Owner: postgres
--

ALTER TABLE ONLY qltv_vnpttech_db.lib_staff ALTER COLUMN staff_id SET DEFAULT nextval('qltv_vnpttech_db.lib_staff_staff_id_seq'::regclass);


--
-- Name: publisher publisher_id; Type: DEFAULT; Schema: qltv_vnpttech_db; Owner: postgres
--

ALTER TABLE ONLY qltv_vnpttech_db.publisher ALTER COLUMN publisher_id SET DEFAULT nextval('qltv_vnpttech_db.publisher_publisher_id_seq'::regclass);


--
-- Name: reader reader_id; Type: DEFAULT; Schema: qltv_vnpttech_db; Owner: postgres
--

ALTER TABLE ONLY qltv_vnpttech_db.reader ALTER COLUMN reader_id SET DEFAULT nextval('qltv_vnpttech_db.reader_reader_id_seq'::regclass);


--
-- Name: reader_book id; Type: DEFAULT; Schema: qltv_vnpttech_db; Owner: postgres
--

ALTER TABLE ONLY qltv_vnpttech_db.reader_book ALTER COLUMN id SET DEFAULT nextval('qltv_vnpttech_db.reader_book_id_seq'::regclass);


--
-- Name: reader_card card_id; Type: DEFAULT; Schema: qltv_vnpttech_db; Owner: postgres
--

ALTER TABLE ONLY qltv_vnpttech_db.reader_card ALTER COLUMN card_id SET DEFAULT nextval('qltv_vnpttech_db.reader_card_card_id_seq'::regclass);


--
-- Name: reader_card_type card_type_id; Type: DEFAULT; Schema: qltv_vnpttech_db; Owner: postgres
--

ALTER TABLE ONLY qltv_vnpttech_db.reader_card_type ALTER COLUMN card_type_id SET DEFAULT nextval('qltv_vnpttech_db.reader_card_type_card_type_id_seq'::regclass);


--
-- Name: return_form return_form_id; Type: DEFAULT; Schema: qltv_vnpttech_db; Owner: postgres
--

ALTER TABLE ONLY qltv_vnpttech_db.return_form ALTER COLUMN return_form_id SET DEFAULT nextval('qltv_vnpttech_db.return_form_return_form_id_seq'::regclass);


--
-- Name: return_form_detail id; Type: DEFAULT; Schema: qltv_vnpttech_db; Owner: postgres
--

ALTER TABLE ONLY qltv_vnpttech_db.return_form_detail ALTER COLUMN id SET DEFAULT nextval('qltv_vnpttech_db.return_form_detail_id_seq'::regclass);


--
-- Data for Name: book; Type: TABLE DATA; Schema: qltv_vnpttech_db; Owner: postgres
--

COPY qltv_vnpttech_db.book (book_id, book_code, book_name, book_author, book_publish_year, available, deleted, added_at, book_state, book_image, book_type, publisher_id) FROM stdin;
2	PROG0005	Python for Data Analiyst	WES MCKNINNEY	2020	t	f	2022-08-18 08:33:49	Good	http://res.cloudinary.com/chiendaocloudinaryserver/image/upload/v1661072721/bamlnhc7cg6svwyxooc6.png	Programming	\N
6	PROG0002	Spring in Action	CRAIG WALLS	2019	t	f	2022-08-18 08:35:23	Good	\N	Programming	\N
1	PROG0005	Python for Data Analiyst	WES MCKNINNEY	2020	t	f	2022-08-18 08:33:49	Good	http://res.cloudinary.com/chiendaocloudinaryserver/image/upload/v1661072721/bamlnhc7cg6svwyxooc6.png	Programming	\N
5	PROG0002	Spring in Action	CRAIG WALLS	2019	t	f	2022-08-18 08:35:23	Good	\N	Programming	\N
4	PROG0001	Microservices in Action	MORGAN BRUCE PAULO A. PEREIRA	2021	t	f	2022-08-18 08:34:36	Good	\N	Programming	\N
3	PROG0001	Microservices in Action	MORGAN BRUCE PAULO A. PEREIRA	2021	t	f	2022-08-18 08:34:36	Good	\N	Programming	\N
\.


--
-- Data for Name: borrow_form; Type: TABLE DATA; Schema: qltv_vnpttech_db; Owner: postgres
--

COPY qltv_vnpttech_db.borrow_form (borrow_form_id, reader_id, borrowed_at, deleted, staff_id) FROM stdin;
25	1	2022-08-21 18:04:08	f	1
26	2	2022-08-21 18:05:37	f	1
27	1	2022-08-21 21:23:49	f	1
28	2	2022-08-21 21:33:07	f	1
29	1	2022-08-21 21:33:49	f	1
\.


--
-- Data for Name: borrow_form_detail; Type: TABLE DATA; Schema: qltv_vnpttech_db; Owner: postgres
--

COPY qltv_vnpttech_db.borrow_form_detail (id, borrow_form_id, book_id, borrowed_book_state, deleted, borrowed_at, return_deadline) FROM stdin;
22	25	3	Good	f	2022-08-21 18:04:08	2022-08-23 18:04:08
23	25	1	Good	f	2022-08-21 18:04:08	2022-08-23 18:04:08
24	26	3	Good	f	2022-08-21 18:05:37	2022-08-23 18:05:37
25	26	1	Good	f	2022-08-21 18:05:37	2022-08-23 18:05:37
26	27	5	Good	f	2022-08-21 21:23:49	2022-08-23 21:23:49
27	27	1	Good	f	2022-08-21 21:23:49	2022-08-23 21:23:49
28	28	5	Good	f	2022-08-21 21:33:07	2022-08-23 21:33:07
29	28	1	Good	f	2022-08-21 21:33:07	2022-08-23 21:33:07
30	29	6	Good	f	2022-08-21 21:33:49	2022-08-23 21:33:49
31	29	2	Good	f	2022-08-21 21:33:49	2022-08-23 21:33:49
\.


--
-- Data for Name: lib_staff; Type: TABLE DATA; Schema: qltv_vnpttech_db; Owner: postgres
--

COPY qltv_vnpttech_db.lib_staff (staff_id, staff_username, staff_password, staff_name, staff_phone, staff_email, staff_address, deleted, staff_role) FROM stdin;
1	chiendao1808	$2a$10$ilLAzfbrGTOoDuaV4NHJ0OYXBmsovHBAEmgk/QfGWgiiRYguzo0ZG	Dao Huy Chien	0918394508	chiendao1808@gmail.com	Hanoi	f	ROLE_MANAGER
2	quanganh01	$2a$10$PJdvu0OrzjJUM/4sYPOqWugVN/MOD2aXO6Inq9o/nzXS2rqDjbc8a	Dang Quang Anh	0987371872	quanganh01@gmail.com	Hanoi	f	ROLE_KEEPER
\.


--
-- Data for Name: publisher; Type: TABLE DATA; Schema: qltv_vnpttech_db; Owner: postgres
--

COPY qltv_vnpttech_db.publisher (publisher_id, publisher_name, publisher_address, deleted, publisher_phone, publisher_email, publisher_fax) FROM stdin;
\.


--
-- Data for Name: reader; Type: TABLE DATA; Schema: qltv_vnpttech_db; Owner: postgres
--

COPY qltv_vnpttech_db.reader (reader_id, reader_name, reader_phone, reader_email, reader_address, registered_at, deleted) FROM stdin;
1	Dao Huy Chien	0918394508	chiendao1808@gmail.com	Hanoi	2022-08-18 08:27:58	f
2	Dang Quang Anh	0982737187	quanganh123@gmail.com	Hanoi	2022-08-18 08:28:38	f
3	Nguyen Van Huan	0928381733	huan2401	Bac Giang	2022-08-18 08:29:22	f
\.


--
-- Data for Name: reader_book; Type: TABLE DATA; Schema: qltv_vnpttech_db; Owner: postgres
--

COPY qltv_vnpttech_db.reader_book (id, reader_id, book_id, borrowed_at, returned_at, deleted, return_deadline) FROM stdin;
25	1	1	2022-08-21 18:04:08	2022-08-21 18:04:35	f	2022-08-23 18:04:08
24	1	3	2022-08-21 18:04:08	2022-08-21 18:04:35	f	2022-08-23 18:04:08
27	2	1	2022-08-21 18:05:37	2022-08-21 18:06:04	f	2022-08-23 18:05:37
26	2	3	2022-08-21 18:05:37	2022-08-21 18:06:04	f	2022-08-23 18:05:37
29	1	1	2022-08-21 21:23:49	2022-08-21 21:24:32	f	2022-08-23 21:23:49
28	1	5	2022-08-21 21:23:49	2022-08-21 21:26:07	f	2022-08-23 21:23:49
33	1	2	2022-08-21 21:33:49	2022-08-21 21:34:26	f	2022-08-23 21:33:49
32	1	6	2022-08-21 21:33:49	2022-08-21 21:34:26	f	2022-08-23 21:33:49
31	2	1	2022-08-21 21:33:07	2022-08-21 21:45:56	f	2022-08-23 21:33:07
30	2	5	2022-08-21 21:33:07	2022-08-21 21:46:13	f	2022-08-23 21:33:07
\.


--
-- Data for Name: reader_card; Type: TABLE DATA; Schema: qltv_vnpttech_db; Owner: postgres
--

COPY qltv_vnpttech_db.reader_card (card_id, reader_id, published_at, expired_at, deleted, is_expired, card_type_id, card_balance) FROM stdin;
1	1	2022-08-20 21:37:18	2023-08-20 21:37:37	f	f	3	100000
3	2	2022-08-21 17:42:59	2023-08-21 17:42:59	f	f	1	0
\.


--
-- Data for Name: reader_card_type; Type: TABLE DATA; Schema: qltv_vnpttech_db; Owner: postgres
--

COPY qltv_vnpttech_db.reader_card_type (card_type_id, card_type_name, borrow_limit, deleted, register_fee) FROM stdin;
2	GOLD	10	f	100000
3	PREMIUM	15	f	75000
1	BASIC	5	f	50000
\.


--
-- Data for Name: return_form; Type: TABLE DATA; Schema: qltv_vnpttech_db; Owner: postgres
--

COPY qltv_vnpttech_db.return_form (return_form_id, reader_id, returned_at, deleted, staff_id, total_paid_amount) FROM stdin;
10	2	2022-08-21 18:04:35	f	1	10000
11	2	2022-08-21 18:06:04	f	1	10000
12	1	2022-08-21 21:24:32	f	1	\N
13	1	2022-08-21 21:25:11	f	1	\N
14	1	2022-08-21 21:26:07	f	1	0
15	1	2022-08-21 21:34:26	f	1	0
16	2	2022-08-21 21:45:56	f	1	0
17	2	2022-08-21 21:46:13	f	1	0
\.


--
-- Data for Name: return_form_detail; Type: TABLE DATA; Schema: qltv_vnpttech_db; Owner: postgres
--

COPY qltv_vnpttech_db.return_form_detail (id, return_form_id, book_id, returned_book_state, returned_at, deleted, is_due, paid_amount) FROM stdin;
4	10	1	Not Good	2022-08-21 18:04:35	f	f	10000
5	10	3	Good	2022-08-21 18:04:35	f	f	0
6	11	1	Not Good	2022-08-21 18:06:04	f	f	10000
7	11	3	Good	2022-08-21 18:06:04	f	f	0
8	12	1	Good	2022-08-21 21:24:32	f	f	0
9	14	5	Good	2022-08-21 21:26:07	f	f	0
10	15	2	Good	2022-08-21 21:34:26	f	f	0
11	15	6	Good	2022-08-21 21:34:26	f	f	0
12	16	1	Good	2022-08-21 21:45:56	f	f	0
13	17	5	Good	2022-08-21 21:46:13	f	f	0
\.


--
-- Name: book_book_id_seq; Type: SEQUENCE SET; Schema: qltv_vnpttech_db; Owner: postgres
--

SELECT pg_catalog.setval('qltv_vnpttech_db.book_book_id_seq', 6, true);


--
-- Name: borrow_form_borrow_form_id_seq; Type: SEQUENCE SET; Schema: qltv_vnpttech_db; Owner: postgres
--

SELECT pg_catalog.setval('qltv_vnpttech_db.borrow_form_borrow_form_id_seq', 29, true);


--
-- Name: borrow_form_detail_id_seq; Type: SEQUENCE SET; Schema: qltv_vnpttech_db; Owner: postgres
--

SELECT pg_catalog.setval('qltv_vnpttech_db.borrow_form_detail_id_seq', 31, true);


--
-- Name: lib_staff_staff_id_seq; Type: SEQUENCE SET; Schema: qltv_vnpttech_db; Owner: postgres
--

SELECT pg_catalog.setval('qltv_vnpttech_db.lib_staff_staff_id_seq', 2, true);


--
-- Name: publisher_publisher_id_seq; Type: SEQUENCE SET; Schema: qltv_vnpttech_db; Owner: postgres
--

SELECT pg_catalog.setval('qltv_vnpttech_db.publisher_publisher_id_seq', 1, false);


--
-- Name: reader_book_id_seq; Type: SEQUENCE SET; Schema: qltv_vnpttech_db; Owner: postgres
--

SELECT pg_catalog.setval('qltv_vnpttech_db.reader_book_id_seq', 33, true);


--
-- Name: reader_card_card_id_seq; Type: SEQUENCE SET; Schema: qltv_vnpttech_db; Owner: postgres
--

SELECT pg_catalog.setval('qltv_vnpttech_db.reader_card_card_id_seq', 3, true);


--
-- Name: reader_card_type_card_type_id_seq; Type: SEQUENCE SET; Schema: qltv_vnpttech_db; Owner: postgres
--

SELECT pg_catalog.setval('qltv_vnpttech_db.reader_card_type_card_type_id_seq', 3, true);


--
-- Name: reader_reader_id_seq; Type: SEQUENCE SET; Schema: qltv_vnpttech_db; Owner: postgres
--

SELECT pg_catalog.setval('qltv_vnpttech_db.reader_reader_id_seq', 3, true);


--
-- Name: return_form_detail_id_seq; Type: SEQUENCE SET; Schema: qltv_vnpttech_db; Owner: postgres
--

SELECT pg_catalog.setval('qltv_vnpttech_db.return_form_detail_id_seq', 13, true);


--
-- Name: return_form_return_form_id_seq; Type: SEQUENCE SET; Schema: qltv_vnpttech_db; Owner: postgres
--

SELECT pg_catalog.setval('qltv_vnpttech_db.return_form_return_form_id_seq', 17, true);


--
-- Name: book book_pk; Type: CONSTRAINT; Schema: qltv_vnpttech_db; Owner: postgres
--

ALTER TABLE ONLY qltv_vnpttech_db.book
    ADD CONSTRAINT book_pk PRIMARY KEY (book_id);


--
-- Name: borrow_form_detail borrow_form_detail_pk; Type: CONSTRAINT; Schema: qltv_vnpttech_db; Owner: postgres
--

ALTER TABLE ONLY qltv_vnpttech_db.borrow_form_detail
    ADD CONSTRAINT borrow_form_detail_pk PRIMARY KEY (id);


--
-- Name: borrow_form borrow_form_pk; Type: CONSTRAINT; Schema: qltv_vnpttech_db; Owner: postgres
--

ALTER TABLE ONLY qltv_vnpttech_db.borrow_form
    ADD CONSTRAINT borrow_form_pk PRIMARY KEY (borrow_form_id);


--
-- Name: lib_staff lib_staff_pk; Type: CONSTRAINT; Schema: qltv_vnpttech_db; Owner: postgres
--

ALTER TABLE ONLY qltv_vnpttech_db.lib_staff
    ADD CONSTRAINT lib_staff_pk PRIMARY KEY (staff_id);


--
-- Name: publisher publisher_pk; Type: CONSTRAINT; Schema: qltv_vnpttech_db; Owner: postgres
--

ALTER TABLE ONLY qltv_vnpttech_db.publisher
    ADD CONSTRAINT publisher_pk PRIMARY KEY (publisher_id);


--
-- Name: reader_book reader_book_pk; Type: CONSTRAINT; Schema: qltv_vnpttech_db; Owner: postgres
--

ALTER TABLE ONLY qltv_vnpttech_db.reader_book
    ADD CONSTRAINT reader_book_pk PRIMARY KEY (id);


--
-- Name: reader_card reader_card_pk; Type: CONSTRAINT; Schema: qltv_vnpttech_db; Owner: postgres
--

ALTER TABLE ONLY qltv_vnpttech_db.reader_card
    ADD CONSTRAINT reader_card_pk PRIMARY KEY (card_id);


--
-- Name: reader_card_type reader_card_type_pk; Type: CONSTRAINT; Schema: qltv_vnpttech_db; Owner: postgres
--

ALTER TABLE ONLY qltv_vnpttech_db.reader_card_type
    ADD CONSTRAINT reader_card_type_pk PRIMARY KEY (card_type_id);


--
-- Name: reader reader_pk; Type: CONSTRAINT; Schema: qltv_vnpttech_db; Owner: postgres
--

ALTER TABLE ONLY qltv_vnpttech_db.reader
    ADD CONSTRAINT reader_pk PRIMARY KEY (reader_id);


--
-- Name: return_form_detail return_form_detail_pk; Type: CONSTRAINT; Schema: qltv_vnpttech_db; Owner: postgres
--

ALTER TABLE ONLY qltv_vnpttech_db.return_form_detail
    ADD CONSTRAINT return_form_detail_pk PRIMARY KEY (id);


--
-- Name: return_form return_form_pk; Type: CONSTRAINT; Schema: qltv_vnpttech_db; Owner: postgres
--

ALTER TABLE ONLY qltv_vnpttech_db.return_form
    ADD CONSTRAINT return_form_pk PRIMARY KEY (return_form_id);


--
-- Name: book_book_id_uindex; Type: INDEX; Schema: qltv_vnpttech_db; Owner: postgres
--

CREATE UNIQUE INDEX book_book_id_uindex ON qltv_vnpttech_db.book USING btree (book_id);


--
-- Name: borrow_form_borrow_form_id_uindex; Type: INDEX; Schema: qltv_vnpttech_db; Owner: postgres
--

CREATE UNIQUE INDEX borrow_form_borrow_form_id_uindex ON qltv_vnpttech_db.borrow_form USING btree (borrow_form_id);


--
-- Name: borrow_form_detail_id_uindex; Type: INDEX; Schema: qltv_vnpttech_db; Owner: postgres
--

CREATE UNIQUE INDEX borrow_form_detail_id_uindex ON qltv_vnpttech_db.borrow_form_detail USING btree (id);


--
-- Name: lib_staff_staff_id_uindex; Type: INDEX; Schema: qltv_vnpttech_db; Owner: postgres
--

CREATE UNIQUE INDEX lib_staff_staff_id_uindex ON qltv_vnpttech_db.lib_staff USING btree (staff_id);


--
-- Name: lib_staff_staff_username_uindex; Type: INDEX; Schema: qltv_vnpttech_db; Owner: postgres
--

CREATE UNIQUE INDEX lib_staff_staff_username_uindex ON qltv_vnpttech_db.lib_staff USING btree (staff_username);


--
-- Name: publisher_publisher_id_uindex; Type: INDEX; Schema: qltv_vnpttech_db; Owner: postgres
--

CREATE UNIQUE INDEX publisher_publisher_id_uindex ON qltv_vnpttech_db.publisher USING btree (publisher_id);


--
-- Name: reader_book_id_uindex; Type: INDEX; Schema: qltv_vnpttech_db; Owner: postgres
--

CREATE UNIQUE INDEX reader_book_id_uindex ON qltv_vnpttech_db.reader_book USING btree (id);


--
-- Name: reader_card_card_id_uindex; Type: INDEX; Schema: qltv_vnpttech_db; Owner: postgres
--

CREATE UNIQUE INDEX reader_card_card_id_uindex ON qltv_vnpttech_db.reader_card USING btree (card_id);


--
-- Name: reader_card_type_card_type_id_uindex; Type: INDEX; Schema: qltv_vnpttech_db; Owner: postgres
--

CREATE UNIQUE INDEX reader_card_type_card_type_id_uindex ON qltv_vnpttech_db.reader_card_type USING btree (card_type_id);


--
-- Name: reader_card_type_card_type_name_uindex; Type: INDEX; Schema: qltv_vnpttech_db; Owner: postgres
--

CREATE UNIQUE INDEX reader_card_type_card_type_name_uindex ON qltv_vnpttech_db.reader_card_type USING btree (card_type_name);


--
-- Name: reader_reader_email_uindex; Type: INDEX; Schema: qltv_vnpttech_db; Owner: postgres
--

CREATE UNIQUE INDEX reader_reader_email_uindex ON qltv_vnpttech_db.reader USING btree (reader_email);


--
-- Name: reader_reader_id_uindex; Type: INDEX; Schema: qltv_vnpttech_db; Owner: postgres
--

CREATE UNIQUE INDEX reader_reader_id_uindex ON qltv_vnpttech_db.reader USING btree (reader_id);


--
-- Name: reader_reader_phone_uindex; Type: INDEX; Schema: qltv_vnpttech_db; Owner: postgres
--

CREATE UNIQUE INDEX reader_reader_phone_uindex ON qltv_vnpttech_db.reader USING btree (reader_phone);


--
-- Name: return_form_detail_id_uindex; Type: INDEX; Schema: qltv_vnpttech_db; Owner: postgres
--

CREATE UNIQUE INDEX return_form_detail_id_uindex ON qltv_vnpttech_db.return_form_detail USING btree (id);


--
-- Name: return_form_return_form_id_uindex; Type: INDEX; Schema: qltv_vnpttech_db; Owner: postgres
--

CREATE UNIQUE INDEX return_form_return_form_id_uindex ON qltv_vnpttech_db.return_form USING btree (return_form_id);


--
-- Name: book book_publisher_publisher_id_fk; Type: FK CONSTRAINT; Schema: qltv_vnpttech_db; Owner: postgres
--

ALTER TABLE ONLY qltv_vnpttech_db.book
    ADD CONSTRAINT book_publisher_publisher_id_fk FOREIGN KEY (publisher_id) REFERENCES qltv_vnpttech_db.publisher(publisher_id);


--
-- Name: borrow_form_detail borrow_form_detail_book_book_id_fk; Type: FK CONSTRAINT; Schema: qltv_vnpttech_db; Owner: postgres
--

ALTER TABLE ONLY qltv_vnpttech_db.borrow_form_detail
    ADD CONSTRAINT borrow_form_detail_book_book_id_fk FOREIGN KEY (book_id) REFERENCES qltv_vnpttech_db.book(book_id) ON UPDATE CASCADE;


--
-- Name: borrow_form_detail borrow_form_detail_borrow_form_borrow_form_id_fk; Type: FK CONSTRAINT; Schema: qltv_vnpttech_db; Owner: postgres
--

ALTER TABLE ONLY qltv_vnpttech_db.borrow_form_detail
    ADD CONSTRAINT borrow_form_detail_borrow_form_borrow_form_id_fk FOREIGN KEY (borrow_form_id) REFERENCES qltv_vnpttech_db.borrow_form(borrow_form_id) ON UPDATE CASCADE;


--
-- Name: borrow_form borrow_form_lib_staff_staff_id_fk; Type: FK CONSTRAINT; Schema: qltv_vnpttech_db; Owner: postgres
--

ALTER TABLE ONLY qltv_vnpttech_db.borrow_form
    ADD CONSTRAINT borrow_form_lib_staff_staff_id_fk FOREIGN KEY (staff_id) REFERENCES qltv_vnpttech_db.lib_staff(staff_id) ON UPDATE CASCADE;


--
-- Name: borrow_form borrow_form_reader_reader_id_fk; Type: FK CONSTRAINT; Schema: qltv_vnpttech_db; Owner: postgres
--

ALTER TABLE ONLY qltv_vnpttech_db.borrow_form
    ADD CONSTRAINT borrow_form_reader_reader_id_fk FOREIGN KEY (reader_id) REFERENCES qltv_vnpttech_db.reader(reader_id) ON UPDATE CASCADE;


--
-- Name: reader_book reader_book_book_book_id_fk; Type: FK CONSTRAINT; Schema: qltv_vnpttech_db; Owner: postgres
--

ALTER TABLE ONLY qltv_vnpttech_db.reader_book
    ADD CONSTRAINT reader_book_book_book_id_fk FOREIGN KEY (book_id) REFERENCES qltv_vnpttech_db.book(book_id) ON UPDATE CASCADE;


--
-- Name: reader_book reader_book_reader_reader_id_fk; Type: FK CONSTRAINT; Schema: qltv_vnpttech_db; Owner: postgres
--

ALTER TABLE ONLY qltv_vnpttech_db.reader_book
    ADD CONSTRAINT reader_book_reader_reader_id_fk FOREIGN KEY (reader_id) REFERENCES qltv_vnpttech_db.reader(reader_id) ON UPDATE CASCADE;


--
-- Name: reader_card reader_card_reader_card_type_card_type_id_fk; Type: FK CONSTRAINT; Schema: qltv_vnpttech_db; Owner: postgres
--

ALTER TABLE ONLY qltv_vnpttech_db.reader_card
    ADD CONSTRAINT reader_card_reader_card_type_card_type_id_fk FOREIGN KEY (card_type_id) REFERENCES qltv_vnpttech_db.reader_card_type(card_type_id) ON UPDATE CASCADE;


--
-- Name: reader_card reader_card_reader_reader_id_fk; Type: FK CONSTRAINT; Schema: qltv_vnpttech_db; Owner: postgres
--

ALTER TABLE ONLY qltv_vnpttech_db.reader_card
    ADD CONSTRAINT reader_card_reader_reader_id_fk FOREIGN KEY (reader_id) REFERENCES qltv_vnpttech_db.reader(reader_id) ON UPDATE CASCADE;


--
-- Name: return_form_detail return_form_detail_book_book_id_fk; Type: FK CONSTRAINT; Schema: qltv_vnpttech_db; Owner: postgres
--

ALTER TABLE ONLY qltv_vnpttech_db.return_form_detail
    ADD CONSTRAINT return_form_detail_book_book_id_fk FOREIGN KEY (book_id) REFERENCES qltv_vnpttech_db.book(book_id);


--
-- Name: return_form_detail return_form_detail_return_form_return_form_id_fk; Type: FK CONSTRAINT; Schema: qltv_vnpttech_db; Owner: postgres
--

ALTER TABLE ONLY qltv_vnpttech_db.return_form_detail
    ADD CONSTRAINT return_form_detail_return_form_return_form_id_fk FOREIGN KEY (return_form_id) REFERENCES qltv_vnpttech_db.return_form(return_form_id) ON UPDATE CASCADE;


--
-- Name: return_form return_form_lib_staff_staff_id_fk; Type: FK CONSTRAINT; Schema: qltv_vnpttech_db; Owner: postgres
--

ALTER TABLE ONLY qltv_vnpttech_db.return_form
    ADD CONSTRAINT return_form_lib_staff_staff_id_fk FOREIGN KEY (staff_id) REFERENCES qltv_vnpttech_db.lib_staff(staff_id) ON UPDATE CASCADE;


--
-- Name: return_form return_form_reader_reader_id_fk; Type: FK CONSTRAINT; Schema: qltv_vnpttech_db; Owner: postgres
--

ALTER TABLE ONLY qltv_vnpttech_db.return_form
    ADD CONSTRAINT return_form_reader_reader_id_fk FOREIGN KEY (reader_id) REFERENCES qltv_vnpttech_db.reader(reader_id) ON UPDATE CASCADE;


--
-- PostgreSQL database dump complete
--

